SampleID,Collection_date,Surname,Organism,Genus,MLST,Submitter,Travel,MPF_type,oriT,Predicted_mobility,host_identified,PrimaryID,SecondaryID,Col(VCM04),Col156,ColKP3,ColRNAI_rep_cluster_1857,ColRNAI_rep_cluster_1987,IncC,IncFIA,IncFIB,IncFIC,IncFII,IncHI1A,IncHI1B,IncHI2A,IncI-gamma/K1,IncI1/B/O,IncI2,IncK2/Z,IncL/M,IncN,IncP,IncQ1,IncR,IncT,IncU,IncX3,IncX4,IncY,rep_cluster_1088,rep_cluster_1115,rep_cluster_1172,rep_cluster_1195,rep_cluster_1218,rep_cluster_1254,rep_cluster_1367,rep_cluster_1418,rep_cluster_1444,rep_cluster_1451,rep_cluster_1478,rep_cluster_2131,rep_cluster_2183,rep_cluster_2232,rep_cluster_2244,rep_cluster_2272,rep_cluster_2283,rep_cluster_2327,rep_cluster_2335,rep_cluster_2358,rep_cluster_2370,rep_cluster_2373,rep_cluster_718,rep_cluster_724,rep_cluster_734,MOBC,MOBF,MOBH,MOBP,MOBQ,Structural_Variant,SNPs_homozygous,Left_flanks,Right_flanks,Incompatability_Groups,Relaxases,int
BC17A507A,2017-07-02,Clinical,Enterobacter cloacae,Enterobacter,719,HA1,-,MPF_T,MOBF,conjugative,Escherichia coli,AA552,AI754,-,-,-,-,-,,,,,,,,,,,,,,IncN,,,,,,,,,-,-,-,-,-,-,-,-,-,-,-,-,-,-,-,-,-,-,-,-,-,-,-,-,-,,MOBF,,,,Tn4401b-2,C8015T,GTTCT,GTTCT,IncN,MOBF,1
BC17A419A,2017-03-21,Clinical,Enterobacter asburiae,Enterobacter,719,HA1,-,MPF_T,MOBF,conjugative,Escherichia coli,AA552,AI754,-,-,-,-,-,,,,,,,,,,,,,,IncN,,,,,,,,,-,-,-,-,-,-,-,-,-,-,-,-,-,-,-,-,-,-,-,-,-,-,-,-,-,,MOBF,,,,Tn4401b-2,C8015T,GTTCT,GTTCT,IncN,MOBF,3
BC18A454A,2018-08-27,Clinical,Enterobacter cloacae,Enterobacter,719,HA2,-,MPF_T,MOBF,conjugative,Escherichia coli,AA552,AI754,-,-,-,-,-,,,,,,,,,,,,,,IncN,,,,,,,,,-,-,-,-,-,-,-,-,-,-,-,-,-,-,-,-,-,-,-,-,-,-,-,-,-,,MOBF,,,,Tn4401b-2,C8015T,GTTCT,GTTCT,IncN,MOBF,7
BC19A403A,2019-06-17,Clinical,Enterobacter cloacae,Enterobacter,719,HA2,-,MPF_T,-,conjugative,Escherichia coli,AA543,AI729,-,-,-,-,-,,,,,,IncHI1A,,,,,,,,,IncP,,,,,,,,-,-,-,-,-,-,-,-,-,-,-,-,-,-,-,-,-,-,-,-,-,-,-,-,-,,,MOBH,MOBP,,Tn4401b-2,C8015T,GTTCT,GTTCT,IncHI1A;IncP,MOBH;MOBP,331
BC21A022A,-,Environmental,-,-,-,-,-,MPF_F,-,conjugative,Escherichia coli,AA543,AI729,-,-,-,-,-,,,,,,,IncHI1B,,,,,,,,IncP,,,,,,,,-,-,-,-,-,-,-,-,-,-,-,-,-,-,-,-,-,-,-,-,-,-,-,-,-,,,MOBH,MOBP,,Tn4401b-2,C8015T,GTTCT,GTTCT,IncHI1B;IncP,MOBH;MOBP,332
BC21A166A,2021-02-22,Clinical,Enterobacter cloacae,Enterobacter,719,HA2,-,MPF_T,-,conjugative,Escherichia coli,AA543,AI729,-,-,-,-,-,,,,,,,IncHI1B,,,,,,,,IncP,,,,,,,,-,-,-,-,-,-,-,-,-,-,-,-,-,-,-,-,-,-,-,-,-,-,-,-,-,,,MOBH,MOBP,,Tn4401b-unknown,C8015T|C9035T,GTTCT,GTTCT,IncHI1B;IncP,MOBH;MOBP,336
BC20A976A,2020-10-19,Clinical,Enterobacter cloacae,Enterobacter,719,HA2,-,MPF_T,-,conjugative,Escherichia coli,AA543,AI729,-,-,-,-,-,,,,,,IncHI1A,,,,,,,,,IncP,,,,,,,,-,-,-,-,-,-,-,-,-,-,-,-,-,-,-,-,-,-,-,-,-,-,-,-,-,,,MOBH,MOBP,,Tn4401b-2,C8015T,GTTCT,GTTCT,IncHI1A;IncP,MOBH;MOBP,337
BC21A475A,-,Environmental,-,-,-,-,-,MPF_T,-,conjugative,Escherichia coli,AA543,AI729,-,-,-,-,-,,,,,,IncHI1A,,,,,,,,,IncP,,,,,,,,-,-,-,-,-,-,-,-,-,-,-,-,-,-,-,-,-,-,-,-,-,-,-,-,-,,,MOBH,MOBP,,Tn4401b-2,C8015T,GTTCT,GTTCT,IncHI1A;IncP,MOBH;MOBP,338
BC20B067A,-,Environmental,-,-,-,-,-,MPF_F,-,conjugative,Escherichia coli,AA543,AI729,-,-,-,-,-,,,,,,,IncHI1B,,,,,,,,IncP,,,,,,,,-,-,-,-,-,-,-,-,-,-,-,-,-,-,-,-,-,-,-,-,-,-,-,-,-,,,MOBH,MOBP,,Tn4401b-2,C8015T,GTTCT,GTTCT,IncHI1B;IncP,MOBH;MOBP,339
BC19A658A,2019-10-30,Environmental,Klebsiella oxytoca,Klebsiella,719,HA5,-,MPF_F,-,conjugative,Escherichia coli,AA543,AI729,-,-,-,-,-,,,,,,,IncHI1B,,,,,,,,IncP,,,,,,,,-,-,-,-,-,-,-,-,-,-,-,-,-,-,-,-,-,-,-,-,-,-,-,-,-,,,MOBH,MOBP,,Tn4401b-2,C8015T,GTTCT,GTTCT,IncHI1B;IncP,MOBH;MOBP,340
BC20A785A,2020-08-26,Clinical,Enterobacter cloacae,Enterobacter,719,HA5,-,MPF_F,-,conjugative,Escherichia coli,AA543,AI729,-,-,-,-,-,,,,,,IncHI1A,,,,,,,,,IncP,,,,,,,,-,-,-,-,-,-,-,-,-,-,-,-,-,-,-,-,-,-,-,-,-,-,-,-,-,,,MOBH,MOBP,,Tn4401b-2,C8015T,GTTCT,GTTCT,IncHI1A;IncP,MOBH;MOBP,341
BC19A642A,2019-10-26,Clinical,Enterobacter cloacae,Enterobacter,719,-,-,MPF_F,-,conjugative,Escherichia coli,AA543,AI729,-,-,-,-,-,,,,,,,IncHI1B,,,,,,,,IncP,,,,,,,,-,-,-,-,-,-,-,-,-,-,-,-,-,-,-,-,-,-,-,-,-,-,-,-,-,,,MOBH,MOBP,,Tn4401b-2,C8015T,GTTCT,GTTCT,IncHI1B;IncP,MOBH;MOBP,342
BC19A661A,2019-10-30,Environmental,Klebsiella oxytoca,Klebsiella,719,HA5,-,MPF_F,-,conjugative,Escherichia coli,AA543,AI729,-,-,-,-,-,,,,,,,IncHI1B,,,,,,,,IncP,,,,,,,,-,-,-,-,-,-,-,-,-,-,-,-,-,-,-,-,-,-,-,-,-,-,-,-,-,,,MOBH,MOBP,,Tn4401b-2,C8015T,GTTCT,GTTCT,IncHI1B;IncP,MOBH;MOBP,343
BC19A659A,2019-10-30,Environmental,Klebsiella oxytoca,Klebsiella,719,HA5,-,MPF_F,-,conjugative,Escherichia coli,AA543,AI729,-,-,-,-,-,,,,,,,IncHI1B,,,,,,,,IncP,,,,,,,,-,-,-,-,-,-,-,-,-,-,-,-,-,-,-,-,-,-,-,-,-,-,-,-,-,,,MOBH,MOBP,,Tn4401b-2,C8015T,GTTCT,GTTCT,IncHI1B;IncP,MOBH;MOBP,344
BC19A660A,2019-10-30,Environmental,Klebsiella oxytoca,Klebsiella,719,HA5,-,MPF_F,-,conjugative,Escherichia coli,AA543,AI729,-,-,-,-,-,,,,,,IncHI1A,,,,,,,,,IncP,,,,,,,,-,-,-,-,-,-,-,-,-,-,-,-,-,-,-,-,-,-,-,-,-,-,-,-,-,,,MOBH,MOBP,,Tn4401b-2,C8015T,GTTCT,GTTCT,IncHI1A;IncP,MOBH;MOBP,345
